/*
SQLyog Ultimate v10.00 Beta1
MySQL - 5.5.42 : Database - alineemployee
*********************************************************************
*/

/*!40101 SET NAMES utf8 */;

/*!40101 SET SQL_MODE=''*/;

/*!40014 SET @OLD_UNIQUE_CHECKS=@@UNIQUE_CHECKS, UNIQUE_CHECKS=0 */;
/*!40014 SET @OLD_FOREIGN_KEY_CHECKS=@@FOREIGN_KEY_CHECKS, FOREIGN_KEY_CHECKS=0 */;
/*!40101 SET @OLD_SQL_MODE=@@SQL_MODE, SQL_MODE='NO_AUTO_VALUE_ON_ZERO' */;
/*!40111 SET @OLD_SQL_NOTES=@@SQL_NOTES, SQL_NOTES=0 */;
CREATE DATABASE /*!32312 IF NOT EXISTS*/`alineemployee` /*!40100 DEFAULT CHARACTER SET latin1 */;

USE `alineemployee`;

/*Table structure for table `countries` */

DROP TABLE IF EXISTS `countries`;

CREATE TABLE `countries` (
  `COUNTRY_ID` int(11) NOT NULL,
  `COUNTRY_NAME` varchar(100) DEFAULT NULL,
  `REGION_ID` int(11) DEFAULT NULL,
  PRIMARY KEY (`COUNTRY_ID`),
  KEY `COUNTRY_REG_FK` (`REGION_ID`),
  CONSTRAINT `COUNTRY_REG_FK` FOREIGN KEY (`REGION_ID`) REFERENCES `regions` (`REGION_ID`)
) ENGINE=InnoDB DEFAULT CHARSET=latin1;

/*Data for the table `countries` */

insert  into `countries`(`COUNTRY_ID`,`COUNTRY_NAME`,`REGION_ID`) values (2001,'INDIA',1005),(2002,'UK',1006),(2003,'USA',1007),(2004,'AFRICA',1008),(2005,'AUSTRALIA',1009),(2006,'UK',1007);

/*Table structure for table `departments` */

DROP TABLE IF EXISTS `departments`;

CREATE TABLE `departments` (
  `DEPARTMENT_ID` int(11) NOT NULL,
  `DEPARTMENT_NAME` varchar(100) DEFAULT NULL,
  `MANAGER_ID` int(11) NOT NULL,
  `LOCATION_ID` int(11) DEFAULT NULL,
  PRIMARY KEY (`DEPARTMENT_ID`),
  KEY `DEPARTMENT_MAN_FK` (`MANAGER_ID`),
  KEY `DEPARTMENT_LOC_FK` (`LOCATION_ID`),
  CONSTRAINT `DEPARTMENT_LOC_FK` FOREIGN KEY (`LOCATION_ID`) REFERENCES `locations` (`LOCATION_ID`),
  CONSTRAINT `DEPARTMENT_MAN_FK` FOREIGN KEY (`MANAGER_ID`) REFERENCES `manager` (`MANAGER_ID`)
) ENGINE=InnoDB DEFAULT CHARSET=latin1;

/*Data for the table `departments` */

insert  into `departments`(`DEPARTMENT_ID`,`DEPARTMENT_NAME`,`MANAGER_ID`,`LOCATION_ID`) values (101,'EXECUTIVE',1,3000),(102,'SALES',2,3001),(103,'ACCOUNTS',3,3002),(104,'REPRESENTATIVE',4,3003),(1005,'BUISNESS',5,3004);

/*Table structure for table `employees` */

DROP TABLE IF EXISTS `employees`;

CREATE TABLE `employees` (
  `EMPLOYEE_ID` int(11) NOT NULL,
  `FIRST_NAME` varchar(100) DEFAULT NULL,
  `LAST_NAME` varchar(100) DEFAULT NULL,
  `EMAIL` varchar(100) DEFAULT NULL,
  `PHONE_NUMBER` int(11) DEFAULT NULL,
  `HIRE_DATE` date DEFAULT NULL,
  `JOB_ID` int(11) NOT NULL,
  `SALARY` int(11) DEFAULT NULL,
  `COMISSION_PCT` int(11) DEFAULT NULL,
  `MANAGER_ID` int(11) NOT NULL,
  `DEPARTMENT_ID` int(11) NOT NULL,
  PRIMARY KEY (`EMPLOYEE_ID`),
  UNIQUE KEY `UNIQUE` (`EMAIL`),
  KEY `JOB_EMPLOEE_FK` (`JOB_ID`),
  KEY `MANAGER_EMPLOYEE_FK` (`MANAGER_ID`),
  KEY `DEPARTMENT_MANAGER_FK` (`DEPARTMENT_ID`),
  CONSTRAINT `DEPARTMENT_MANAGER_FK` FOREIGN KEY (`DEPARTMENT_ID`) REFERENCES `departments` (`DEPARTMENT_ID`),
  CONSTRAINT `JOB_EMPLOEE_FK` FOREIGN KEY (`JOB_ID`) REFERENCES `jobs` (`JOB_ID`),
  CONSTRAINT `MANAGER_EMPLOYEE_FK` FOREIGN KEY (`MANAGER_ID`) REFERENCES `manager` (`MANAGER_ID`)
) ENGINE=InnoDB DEFAULT CHARSET=latin1;

/*Data for the table `employees` */

insert  into `employees`(`EMPLOYEE_ID`,`FIRST_NAME`,`LAST_NAME`,`EMAIL`,`PHONE_NUMBER`,`HIRE_DATE`,`JOB_ID`,`SALARY`,`COMISSION_PCT`,`MANAGER_ID`,`DEPARTMENT_ID`) values (5001,'SRINIVASAN','NAGARAJAN','srinisav.it@gmail.com',2147483647,'2016-12-01',502,70000,10000,1,101),(5002,'VICKY','HERSHEL','vicky@gmail.com',2147483647,'2016-11-01',500,10000,1000,2,102),(5003,'RAJ','KRISHNAN','raji@gmail.com',2147483647,'2016-09-07',501,15000,500,3,103),(5004,'KARTHICK','SAMUEL','karthi@gmail.com',2147483647,'2015-10-13',504,7000,1000,4,104),(5005,'JOHN','WATSON','johny@gmail.com',2147483647,'2016-11-28',503,6000,233,5,1005);

/*Table structure for table `job_history` */

DROP TABLE IF EXISTS `job_history`;

CREATE TABLE `job_history` (
  `EMPLOYEE_ID` int(11) NOT NULL,
  `START_DATE` date NOT NULL,
  `END_DATE` date DEFAULT NULL,
  `JOB_ID` int(11) DEFAULT NULL,
  `DEPARTMENT_ID` int(11) DEFAULT NULL,
  PRIMARY KEY (`EMPLOYEE_ID`,`START_DATE`),
  KEY `JOB_ID_FK` (`JOB_ID`),
  KEY `DEPT_FK` (`DEPARTMENT_ID`),
  CONSTRAINT `JOB_ID_FK` FOREIGN KEY (`JOB_ID`) REFERENCES `jobs` (`JOB_ID`),
  CONSTRAINT `DEPT_FK` FOREIGN KEY (`DEPARTMENT_ID`) REFERENCES `departments` (`DEPARTMENT_ID`),
  CONSTRAINT `JOBH_EMP_FK` FOREIGN KEY (`EMPLOYEE_ID`) REFERENCES `employees` (`EMPLOYEE_ID`)
) ENGINE=InnoDB DEFAULT CHARSET=latin1;

/*Data for the table `job_history` */

insert  into `job_history`(`EMPLOYEE_ID`,`START_DATE`,`END_DATE`,`JOB_ID`,`DEPARTMENT_ID`) values (5001,'2016-12-07','2017-01-27',502,101),(5002,'2016-11-08','2017-02-09',501,102),(5003,'2016-12-07','2016-12-15',504,103),(5004,'2016-09-12','2016-12-06',500,101),(5005,'2016-12-20','2017-03-16',503,1005);

/*Table structure for table `jobs` */

DROP TABLE IF EXISTS `jobs`;

CREATE TABLE `jobs` (
  `JOB_ID` int(11) NOT NULL,
  `JOB_TITLE` varchar(100) DEFAULT NULL,
  `MIN_SALARY` int(11) DEFAULT NULL,
  `MAX_SALARY` int(11) DEFAULT NULL,
  PRIMARY KEY (`JOB_ID`)
) ENGINE=InnoDB DEFAULT CHARSET=latin1;

/*Data for the table `jobs` */

insert  into `jobs`(`JOB_ID`,`JOB_TITLE`,`MIN_SALARY`,`MAX_SALARY`) values (500,'ASSOCIATE',10000,200000),(501,'ASSISTANT',5000,100000),(502,'MANAGER',70000,500000),(503,'LABOUR',1000,20000),(504,'JUNIOR',7000,150000);

/*Table structure for table `locations` */

DROP TABLE IF EXISTS `locations`;

CREATE TABLE `locations` (
  `LOCATION_ID` int(11) NOT NULL,
  `STREET_ADDRESS` varchar(100) DEFAULT NULL,
  `POSTAL_CODE` int(11) DEFAULT NULL,
  `CITY` varchar(100) DEFAULT NULL,
  `STATE_PROVINCE` varchar(100) DEFAULT NULL,
  `COUNTRY_ID` int(11) DEFAULT NULL,
  PRIMARY KEY (`LOCATION_ID`),
  KEY `LOCATION_COUNTRY_FK` (`COUNTRY_ID`),
  CONSTRAINT `LOCATION_COUNTRY_FK` FOREIGN KEY (`COUNTRY_ID`) REFERENCES `countries` (`COUNTRY_ID`)
) ENGINE=InnoDB DEFAULT CHARSET=latin1;

/*Data for the table `locations` */

insert  into `locations`(`LOCATION_ID`,`STREET_ADDRESS`,`POSTAL_CODE`,`CITY`,`STATE_PROVINCE`,`COUNTRY_ID`) values (3000,'CONNOUGHT MARKET',100023,'DELHI','DELHI',2001),(3001,'DAWOOD HILL',500045,'MUMBAI','MAHARASHTRA',2001),(3002,'DOWNING ST',200210,'NEW YORK','SAN FRANCISCO',2003),(3003,'BAKERS ST',23432,'LONDON','UNITED KINGDOM',2002),(3004,'DESERT LAKE',433544,'SYDNEY','AUSSIES',2005),(3005,'NILE RIVER',344532,'SAHARA','DIAMOND VALLEY',2004);

/*Table structure for table `manager` */

DROP TABLE IF EXISTS `manager`;

CREATE TABLE `manager` (
  `MANAGER_ID` int(11) NOT NULL,
  `MANAGER_NAME` varchar(100) DEFAULT NULL,
  PRIMARY KEY (`MANAGER_ID`)
) ENGINE=InnoDB DEFAULT CHARSET=latin1;

/*Data for the table `manager` */

insert  into `manager`(`MANAGER_ID`,`MANAGER_NAME`) values (1,'SRINIVASAN'),(2,'RAJU'),(3,'KRISHNAN'),(4,'GULAM'),(5,'VICKY');

/*Table structure for table `regions` */

DROP TABLE IF EXISTS `regions`;

CREATE TABLE `regions` (
  `REGION_ID` int(11) NOT NULL,
  `REGION_NAME` varchar(100) DEFAULT NULL,
  PRIMARY KEY (`REGION_ID`)
) ENGINE=InnoDB DEFAULT CHARSET=latin1;

/*Data for the table `regions` */

insert  into `regions`(`REGION_ID`,`REGION_NAME`) values (1005,'SOUTH ASIA'),(1006,'EAST ASIA'),(1007,'WEST ASIA'),(1008,'NORTH ASIA'),(1009,'SOUTH ASIA');

/*!40101 SET SQL_MODE=@OLD_SQL_MODE */;
/*!40014 SET FOREIGN_KEY_CHECKS=@OLD_FOREIGN_KEY_CHECKS */;
/*!40014 SET UNIQUE_CHECKS=@OLD_UNIQUE_CHECKS */;
/*!40111 SET SQL_NOTES=@OLD_SQL_NOTES */;
